italian,french,indian,mexican,british,moroccan,southern_us,chinese,spanish,japanese,cajun_creole,korean,filipino,greek,thai,jamaican,irish,russian,brazilian,vietnamese
0.829752066116,0.479289940828,0.83751651255,0.905329153605,0.338095238095,0.788043478261,0.514778325123,0.767716535433,0.502109704641,0.663430420712,0.599562363239,0.819277108434,0.68085106383,0.665369649805,0.78167115903,0.860759493671,0.692307692308,0.702702702703,0.730769230769,0.729927007299
0.793885081708,0.504672897196,0.857916102842,0.871980676329,0.338095238095,0.693779904306,0.760691537762,0.83931133429,0.477911646586,0.597667638484,0.695431472081,0.632558139535,0.518918918919,0.640449438202,0.736040609137,0.576271186441,0.327272727273,0.201550387597,0.322033898305,0.45871559633
0.811422413793,0.491654021244,0.847593582888,0.8883420486,0.338095238095,0.737913486005,0.614028644877,0.801919122687,0.489711934156,0.628834355828,0.643948296122,0.713910761155,0.588957055215,0.652671755725,0.758169934641,0.690355329949,0.444444444444,0.313253012048,0.447058823529,0.56338028169
1897,642,739,1656,210,209,1099,697,249,343,394,215,185,267,394,118,165,129,118,218
