italian,french,indian,mexican,british,moroccan,southern_us,chinese,spanish,japanese,cajun_creole,korean,filipino,greek,thai,jamaican,irish,russian,brazilian,vietnamese
0.83185211518,0.547087378641,0.857142857143,0.913119026933,0.370892018779,0.796064400716,0.525344644751,0.772240335352,0.501385041551,0.734653465347,0.613876319759,0.891783567134,0.693925233645,0.731360946746,0.772648083624,0.900763358779,0.726315789474,0.764285714286,0.744827586207,0.791237113402
0.787746170678,0.562375249501,0.863957597173,0.8791300711,0.39898989899,0.727124183007,0.769015833592,0.839068825911,0.489189189189,0.687037037037,0.706597222222,0.723577235772,0.521052631579,0.680616740088,0.774672489083,0.578431372549,0.41235059761,0.297222222222,0.309455587393,0.505766062603
0.809198582173,0.554625984252,0.860536735592,0.895802258683,0.384428223844,0.760034158839,0.624243951613,0.804268736357,0.495212038304,0.71004784689,0.656981436642,0.798922800718,0.595190380762,0.705077010839,0.773658962058,0.70447761194,0.526048284625,0.428,0.437246963563,0.617085427136
5941,2004,2264,4782,594,612,3221,1976,740,1080,1152,615,570,908,1145,408,502,360,349,607
