greek,filipino,mexican,cajun_creole,spanish,southern_us,brazilian,british,thai,moroccan,vietnamese,korean,irish,jamaican,japanese,french,indian,russian,chinese,italian
0.837719298246,0.722222222222,0.890887290168,0.765060240964,0.677215189873,0.702802359882,0.716417910448,0.690265486726,0.786432160804,0.791469194313,0.804195804196,0.826086956522,0.789473684211,0.846153846154,0.848375451264,0.608504398827,0.851497005988,0.584905660377,0.783783783784,0.808735632184
0.689530685921,0.582089552239,0.923555003108,0.686486486486,0.42125984252,0.83523225241,0.413793103448,0.375,0.804627249357,0.814634146341,0.522727272727,0.745098039216,0.418994413408,0.698412698413,0.699404761905,0.634556574924,0.916237113402,0.319587628866,0.856920684292,0.907168643631
0.756435643564,0.644628099174,0.90692706744,0.723646723647,0.519417475728,0.763315979175,0.524590163934,0.485981308411,0.79542566709,0.802884615385,0.633608815427,0.783505154639,0.547445255474,0.765217391304,0.766721044046,0.62125748503,0.882681564246,0.413333333333,0.818722139673,0.855128828391
277,201,1609,370,254,1141,116,208,389,205,220,204,179,126,336,654,776,97,643,1939
