greek,filipino,mexican,cajun_creole,spanish,southern_us,brazilian,british,thai,moroccan,vietnamese,korean,irish,jamaican,japanese,french,indian,russian,chinese,italian
0.920050761421,0.939271255061,0.947914547304,0.892792792793,0.900573613767,0.817110799439,0.930769230769,0.910194174757,0.866048862679,0.9176276771,0.931623931624,0.936772046589,0.931506849315,0.952908587258,0.949945593036,0.790697674419,0.902888237756,0.956363636364,0.883539660706,0.880889028017
0.807349665924,0.837545126354,0.964796024022,0.84268707483,0.640816326531,0.916325888644,0.689458689459,0.629194630872,0.893913043478,0.904220779221,0.720661157025,0.899361022364,0.696721311475,0.86,0.803127874885,0.802208835341,0.968567579704,0.670918367347,0.949261083744,0.954060010171
0.860023724792,0.885496183206,0.956280788177,0.867016622922,0.748807631161,0.863879003559,0.792144026187,0.744047619048,0.879760376551,0.910874897792,0.812674743709,0.917685411573,0.797186400938,0.904073587385,0.8703888335,0.796411662098,0.934575389948,0.788605697151,0.915222037521,0.916015625
898,554,4829,1176,735,3179,351,596,1150,616,605,626,488,400,1087,1992,2227,392,2030,5899
