russian,french,irish,korean,thai,british,southern_us,italian,spanish,cajun_creole,japanese,indian,mexican,filipino,jamaican,chinese,greek,moroccan,vietnamese,brazilian
0.944,0.780925401322,0.926121372032,0.958801498127,0.903485254692,0.906178489703,0.846041909197,0.884711000622,0.903773584906,0.873760144274,0.958520179372,0.902640264026,0.941886638019,0.959488272921,0.968571428571,0.833553500661,0.904205607477,0.946917808219,0.924949290061,0.94921875
0.655555555556,0.825349301397,0.699203187251,0.832520325203,0.882969432314,0.666666666667,0.902514746973,0.958424507659,0.647297297297,0.841145833333,0.791666666667,0.966431095406,0.962567963195,0.789473684211,0.830882352941,0.957995951417,0.852422907489,0.903594771242,0.751235584843,0.696275071633
0.773770491803,0.802523047065,0.796821793417,0.891209747607,0.893109540636,0.768186226964,0.873366381253,0.920093722227,0.754330708661,0.857142857143,0.867139959432,0.933447098976,0.952115006723,0.866217516843,0.894459102902,0.891452790205,0.877551020408,0.92474916388,0.829090909091,0.803305785124
360,2004,502,615,1145,594,3221,5941,740,1152,1080,2264,4782,570,408,1976,908,612,607,349
