russian,french,irish,korean,thai,british,southern_us,italian,spanish,cajun_creole,japanese,indian,mexican,filipino,jamaican,chinese,greek,moroccan,vietnamese,brazilian
0.745762711864,0.595620437956,0.731958762887,0.83615819209,0.808743169399,0.574803149606,0.716227018385,0.797847449696,0.688888888889,0.756097560976,0.848249027237,0.83950617284,0.908127208481,0.781690140845,0.896907216495,0.747584541063,0.774590163934,0.805,0.781456953642,0.811594202899
0.341085271318,0.635514018692,0.430303030303,0.688372093023,0.751269035533,0.347619047619,0.815286624204,0.898787559304,0.497991967871,0.708121827411,0.63556851312,0.920162381597,0.93115942029,0.6,0.737288135593,0.888091822095,0.707865168539,0.77033492823,0.54128440367,0.474576271186
0.468085106383,0.614920874152,0.541984732824,0.755102040816,0.778947368421,0.433234421365,0.762553191489,0.845314823996,0.578088578089,0.731323722149,0.726666666667,0.877985797289,0.919499105546,0.678899082569,0.809302325581,0.811803278689,0.739726027397,0.78728606357,0.639566395664,0.598930481283
129,642,165,215,394,210,1099,1897,249,394,343,739,1656,185,118,697,267,209,218,118
