italian,brazilian,french,thai,filipino,irish,moroccan,greek,korean,southern_us,russian,japanese,chinese,spanish,mexican,vietnamese,cajun_creole,british,jamaican,indian
0.888745148771,0.970285714286,0.821594264024,0.945928338762,0.965941343425,0.946518668012,0.950486295314,0.917877906977,0.936507936508,0.883965014577,0.946035242291,0.948736462094,0.901821060966,0.899067005937,0.949402954867,0.933333333333,0.91575562701,0.915695067265,0.973794549266,0.912127814089
0.936605316973,0.955005624297,0.829289059174,0.898514851485,0.90674955595,0.909796314258,0.950486295314,0.913892908828,0.970562770563,0.877822814129,0.932681867535,0.861639344262,0.932078559738,0.839271575614,0.95287426366,0.893103448276,0.872014696877,0.910793933988,0.97277486911,0.955859969559
0.912047792897,0.962585034014,0.825423728814,0.921612186607,0.935409986257,0.927794263106,0.950486295314,0.915881073241,0.953231292517,0.880883207438,0.939311098961,0.903092783505,0.916700201207,0.868140868141,0.951135442011,0.912775330396,0.893350062735,0.913237924866,0.973284442116,0.93348197696
5868,889,2349,1616,1126,1031,1131,1382,1155,3454,921,1525,2444,1263,4923,1160,1633,1121,955,2628
