italian,brazilian,french,thai,filipino,irish,moroccan,greek,korean,southern_us,russian,japanese,chinese,spanish,mexican,vietnamese,cajun_creole,british,jamaican,indian
0.830224772836,0.706422018349,0.584450402145,0.851744186047,0.654135338346,0.574850299401,0.825242718447,0.758122743682,0.770408163265,0.760425909494,0.550561797753,0.851735015773,0.796101949025,0.61,0.911369193154,0.625641025641,0.738419618529,0.502824858757,0.741666666667,0.874358974359
0.881218274112,0.587786259542,0.633720930233,0.741772151899,0.561290322581,0.554913294798,0.787037037037,0.721649484536,0.762626262626,0.755731922399,0.418803418803,0.710526315789,0.871921182266,0.514767932489,0.920938851143,0.648936170213,0.707571801567,0.42380952381,0.76724137931,0.929155313351
0.854961832061,0.641666666667,0.608089260809,0.792963464141,0.604166666667,0.564705882353,0.805687203791,0.739436619718,0.766497461929,0.758071649713,0.47572815534,0.77474892396,0.832288401254,0.558352402746,0.916129032258,0.637075718016,0.722666666667,0.459948320413,0.754237288136,0.900924702774
1970,131,688,395,155,173,216,291,198,1134,117,380,609,237,1619,188,383,210,116,734
