french,mexican,british,southern_us,irish,japanese,thai,greek,cajun_creole,brazilian,moroccan,filipino,russian,chinese,vietnamese,indian,italian,korean,jamaican,spanish
0.742983751846,0.939074762495,0.787878787879,0.804191788688,0.819512195122,0.916490486258,0.860526315789,0.894047619048,0.859943977591,0.909090909091,0.928819444444,0.876739562624,0.820598006645,0.855587121212,0.856573705179,0.90404040404,0.870480980824,0.91186440678,0.939393939394,0.779411764706
0.752994011976,0.950857381849,0.656565656566,0.869605712512,0.669322709163,0.802777777778,0.856768558952,0.827092511013,0.799479166667,0.716332378223,0.874183006536,0.773684210526,0.686111111111,0.914473684211,0.708401976936,0.948763250883,0.932166301969,0.874796747967,0.835784313725,0.644594594595
0.747955390335,0.944929343308,0.716253443526,0.83562052506,0.736842105263,0.855873642646,0.858643326039,0.859267734554,0.828609986505,0.801282051282,0.900673400673,0.821994408201,0.747352496218,0.884050880626,0.775473399459,0.925862068966,0.900268227262,0.892946058091,0.884565499351,0.705621301775
2004,4782,594,3221,502,1080,1145,908,1152,349,612,570,360,1976,607,2264,5941,615,408,740
