filipino,italian,mexican,irish,brazilian,jamaican,vietnamese,british,indian,greek,french,cajun_creole,russian,moroccan,korean,chinese,japanese,thai,southern_us,spanish
0.886639676113,0.865735597524,0.939054219323,0.844444444444,0.898305084746,0.930107526882,0.869318181818,0.808853118712,0.904246461282,0.88915956151,0.746007984032,0.860205032619,0.85,0.914335664336,0.915422885572,0.863487611033,0.906779661017,0.877659574468,0.803711220644,0.80067001675
0.782142857143,0.930569771409,0.956801661475,0.686746987952,0.750708215297,0.845965770171,0.732057416268,0.67,0.951796669588,0.813823857302,0.75466935891,0.805410122164,0.692934782609,0.864462809917,0.869291338583,0.919820717131,0.78748850046,0.859375,0.865979381443,0.64247311828
0.831119544592,0.896982652306,0.947844871927,0.757475083056,0.817901234568,0.886043533931,0.794805194805,0.73290793072,0.927412467976,0.849825378347,0.750313676286,0.831906264083,0.763473053892,0.888700084962,0.891760904685,0.890764408006,0.842934515017,0.868421052632,0.833684210526,0.712900820283
560,5862,4815,498,353,409,627,600,2282,897,1981,1146,368,605,635,2008,1087,1152,3201,744
