filipino,italian,mexican,irish,brazilian,jamaican,vietnamese,british,indian,greek,french,cajun_creole,russian,moroccan,korean,chinese,japanese,thai,southern_us,spanish
0.714285714286,0.813351498638,0.915795943454,0.612403100775,0.701030927835,0.807339449541,0.65243902439,0.582278481013,0.867746288799,0.774809160305,0.613235294118,0.770666666667,0.644736842105,0.827586206897,0.816666666667,0.810144927536,0.824104234528,0.781420765027,0.742225859247,0.690607734807
0.641025641026,0.906376518219,0.918052988293,0.467455621302,0.59649122807,0.752136752137,0.540404040404,0.450980392157,0.891816920943,0.730215827338,0.627067669173,0.7225,0.404958677686,0.777777777778,0.753846153846,0.840601503759,0.752976190476,0.739018087855,0.81054512958,0.510204081633
0.675675675676,0.857348013404,0.916923076923,0.530201342282,0.644549763033,0.778761061947,0.591160220994,0.508287292818,0.879616963064,0.751851851852,0.620074349442,0.745806451613,0.497461928934,0.801909307876,0.784,0.825092250923,0.786936236392,0.75962815405,0.774882528834,0.586854460094
195,1976,1623,169,114,117,198,204,721,278,665,400,121,216,195,665,336,387,1119,245
