french,mexican,british,southern_us,irish,japanese,thai,greek,cajun_creole,brazilian,moroccan,filipino,russian,chinese,vietnamese,indian,italian,korean,jamaican,spanish
0.587142857143,0.916567342074,0.534591194969,0.725554642564,0.613636363636,0.80350877193,0.809782608696,0.746031746032,0.798833819242,0.819277108434,0.809523809524,0.788079470199,0.593023255814,0.807228915663,0.740740740741,0.844806007509,0.805941542885,0.771844660194,0.836363636364,0.673684210526
0.640186915888,0.928743961353,0.404761904762,0.803457688808,0.490909090909,0.667638483965,0.756345177665,0.704119850187,0.695431472081,0.576271186441,0.732057416268,0.643243243243,0.395348837209,0.865136298422,0.550458715596,0.913396481732,0.886663152346,0.739534883721,0.779661016949,0.5140562249
0.612518628912,0.922615476905,0.460704607046,0.762521588946,0.545454545455,0.729299363057,0.782152230971,0.724470134875,0.74355495251,0.676616915423,0.768844221106,0.708333333333,0.474418604651,0.835180055402,0.631578947368,0.877763328999,0.84437751004,0.755344418052,0.80701754386,0.583143507973
642,1656,210,1099,165,343,394,267,394,118,209,185,129,697,218,739,1897,215,118,249
