vietnamese,italian,greek,spanish,british,russian,korean,mexican,thai,irish,indian,filipino,jamaican,moroccan,cajun_creole,japanese,brazilian,french,southern_us,chinese
0.691056910569,0.807430664574,0.709923664122,0.46288209607,0.290748898678,0.675,0.888888888889,0.900773195876,0.741116751269,0.644444444444,0.852367688022,0.69387755102,0.963414634146,0.78612716763,0.606263982103,0.685628742515,0.62,0.47652916074,0.526915769474,0.759831460674
0.467032967033,0.785641547862,0.673913043478,0.422310756972,0.284482758621,0.204545454545,0.660869565217,0.875939849624,0.780748663102,0.353658536585,0.83378746594,0.515151515152,0.576642335766,0.690355329949,0.70207253886,0.669590643275,0.248,0.506807866868,0.748874887489,0.829754601227
0.55737704918,0.796387096774,0.691449814126,0.441666666667,0.287581699346,0.313953488372,0.758104738155,0.888182973316,0.760416666667,0.456692913386,0.842975206612,0.591304347826,0.721461187215,0.735135135135,0.650660264106,0.677514792899,0.354285714286,0.491202346041,0.618587360595,0.793255131965
182,1964,276,251,232,132,230,1596,374,164,734,198,137,197,386,342,125,661,1111,652
